{"cameras": [{"id": "c7918fb5-5639-4be9-a5c2-be6a24b4c9f0", "type": "rgb", "calibration_source": 0, "camera_matrix": [[764.0479690660924, 0.0, 319.5], [0.0, 766.2429040169949, 239.5], [0.0, 0.0, 1.0]], "optimal_camera_matrix": [[767.7530110994646, 0.0, 319.8324081026626], [0.0, 769.6408517415716, 239.38915875189858], [0.0, 0.0, 1.0]], "roi": [4, 3, 632, 473], "distortion": [[0.20369772384820786, -0.5849648266956989, -0.000290461720398677, 0.0006428767546030595, -0.37216100315888007]], "rvecs": [[[-0.11859059900081592], [-0.006810368864935986], [-0.031071804019472522]], [[-0.10816026118870048], [-0.09729482462322354], [-0.02547366482683424]], [[-0.07586007073290635], [-0.09587105612717516], [-0.019445587198367066]], [[-0.07280007319699919], [-0.10276326967515972], [-0.029627947877240317]], [[-0.09375639560027396], [-0.1024657038822844], [-0.034198887191242325]], [[-0.08932260782735489], [-0.085764618903734], [-0.02465953139465017]], [[-0.09028613506991966], [-0.08645480063112837], [-0.023098954998191156]], [[-0.08999105376041851], [-0.08725248304248066], [-0.023796493841081363]], [[-0.0908589252248662], [-0.08632240326780481], [-0.02307779200375173]], [[-0.09101030314447375], [-0.0867322591714948], [-0.022563474856209926]], [[-0.08969797924842575], [-0.08747046247527844], [-0.02200270344108666]], [[-0.08862498098130374], [-0.08701503158688904], [-0.021962390737044903]], [[-0.08836209320082543], [-0.08768245585790292], [-0.0217210567588662]], [[-0.09115389584091914], [-0.08876362216228939], [-0.020881903719573672]], [[-0.09309903083541023], [-0.089247965618815], [-0.021650190528764577]], [[-0.09443404617725323], [-0.09035639494671809], [-0.022107211013061755]], [[-0.09637403312677534], [-0.09289440882774368], [-0.02161641654791549]], [[-0.09290284914189668], [-0.09501412960145257], [-0.021283328662622465]], [[-0.09107808575586679], [-0.09369155608732757], [-0.020483251086463334]], [[-0.09107808575586693], [-0.09369155608732757], [-0.020483251086463348]], [[-0.09328667100361122], [-0.09381369224575692], [-0.0193580932414368]], [[-0.09268753451291212], [-0.09375760686650675], [-0.019411853209219794]], [[-0.08928586392219501], [-0.09436836104405182], [-0.019839554182091608]], [[-0.08885538242444464], [-0.09435685162079291], [-0.019982148752478033]], [[-0.08799731388678424], [-0.09346438702296987], [-0.0203534483395995]], [[-0.08545215265324102], [-0.09391023172164766], [-0.020684980740117428]], [[-0.08303985515204494], [-0.0949518720940993], [-0.025324013025375285]], [[-0.0903135845937208], [-0.09059633951755826], [-0.024357127902286464]], [[-0.09086346059816346], [-0.09195879854421961], [-0.0263479324587397]], [[-0.08470548263036194], [-0.0946055578635188], [-0.02768553638919711]], [[-0.08231343913318931], [-0.09015664137541339], [-0.028139295276456023]]], "tvecs": [[[-0.16288468597646566], [-0.10185506585277734], [0.661550598799976]], [[-0.12970519136792436], [-0.05659557667508087], [0.4545536940461784]], [[-0.12478608096899826], [-0.0432939053671115], [0.4437014592210786]], [[-0.13282800990706478], [-0.04127275873509564], [0.4507744198944939]], [[-0.13894389228645587], [-0.050883770356346274], [0.48371986328707534]], [[-0.1484768811730086], [-0.049860818559919425], [0.5011974460037918]], [[-0.14931066028163803], [-0.05086641220861787], [0.5037230540408784]], [[-0.14937313816122297], [-0.0512523363142719], [0.5047600767218297]], [[-0.14925549301322943], [-0.051520695749497754], [0.5058303408739119]], [[-0.1492302269709107], [-0.051582774666264083], [0.5061416055938671]], [[-0.14901538606246187], [-0.05128479396294688], [0.505831829014075]], [[-0.14865793341163822], [-0.05069697699796264], [0.5055124376074307]], [[-0.14835044088791524], [-0.05038798409310923], [0.505553989986484]], [[-0.14804442457588646], [-0.05059058328199562], [0.5054389494548173]], [[-0.1477170562451917], [-0.05102865676435378], [0.5054340194509281]], [[-0.14715844899313182], [-0.05144315055721562], [0.5055340346261161]], [[-0.14636090198152035], [-0.05220336627709738], [0.5056732685989674]], [[-0.14431015869837743], [-0.05317836942109667], [0.5052554095741358]], [[-0.14333309015734735], [-0.05315122491369457], [0.5051335587538878]], [[-0.14333309015734735], [-0.05315122491369457], [0.5051335587538878]], [[-0.14255187781341858], [-0.05306077346593354], [0.504775657370738]], [[-0.1419742837634641], [-0.05276877778844197], [0.5041818969784871]], [[-0.1415407311830063], [-0.05224794886732945], [0.5032646677713872]], [[-0.14134206578687716], [-0.051634757828240785], [0.5026210752375448]], [[-0.1412746954692706], [-0.05092582060009375], [0.5020163822863449]], [[-0.1410564739020876], [-0.050155122990911925], [0.5013963387403709]], [[-0.14417924003299315], [-0.04682944774349835], [0.5011132079121402]], [[-0.1456009697665086], [-0.04643427661581202], [0.5023900142231232]], [[-0.14750909151291314], [-0.04628715260866718], [0.5025651233093612]], [[-0.14540570191682778], [-0.042252659154365116], [0.4997153547115714]], [[-0.15071002789575894], [-0.041550071965971325], [0.50045462422812]]], "resolution": {"h": 480, "w": 640}, "total_error": 0.02238076474839927}], "board": {"type": "chess", "pattern_size": [9, 6], "square_size": 0.025}}